Aktivitetskravet – kvartalsunderlag till IVO	2026 Q3 (2026-07-01 – 2026-09-30)

Försörjningshinder	Anvisade	Med ogiltig frånvaro	Underlag lämnat till handläggare
Arbetslös	3	2	2
Sjukskriven med läkarintyg	1	0	0
Sjuk- eller aktivitetsersättning	0	0	0
Arbetshinder, sociala skäl	0	0	0
Föräldraledig	0	0	0
Arbetar deltid	0	0	0
Språkhinder	1	0	0
Utan försörjningshinder	0	0	0
Annat	0	0	0
Ej angivet	1	1	0
Summa	6	3	2

Underlaget är en räkning ur portalen. Beslut om nekande/nedsättning registreras i kommunens verksamhetssystem.